id,text,original_explanation,paraphrased_explanation,paraphrase_done
ptcb-org-0001,The puncture-resistant container that is used for needle disposal is referred to as a:,,,False
ptcb-org-0002,"Under the Combat Methamphetamine Epidemic Act of 2005, patients must sign a log and provide valid photo identification in order to purchase OTC products that contain:",,,False
ptcb-org-0003,"According to federal law, a complete inventory of the controlled substances on hand in a pharmacy must be made every:",,,False
ptcb-org-0004,The Food and Drug Administration (FDA) may require a Medication Guide to be dispensed as part of a(n);,,,False
ptcb-org-0005,Which of the following elements is a unique identifier assigned by the manufacturer to look up a single production batch?,,,False
ptcb-org-0006,Which of the following auxiliary labels is most crucial for a prescription of a suspension antibiotic?,,,False
ptcb-org-0007,A stock bottle labeled with NDC number 00046-0867-81 contains the same medication as a bottle labeled with which of the following NDC numbers?,,,False
ptcb-org-0008,"If the expiration date of a drug product is May 2027, the drug should no longer be used by patients after:",,,False
ptcb-org-0009,Two stock bottles of atenolol have the following NDC numbers: 00781-1506-10 and 00781-1506-01. What is the difference in the bottles?,,,False
ptcb-org-0010,Which of the following is the procedure for proper disposal of legend drugs that have passed the expiration date printed on the container?,,,False
ptcb-org-0011,"If a drug has the expiration date December 2025, it actually expires at midnight on:",,,False
ptcb-org-0012,"When used on a prescription, 'PR' indicates a particular:",,,False
ptcb-org-0013,"According to federal law, which of the following drug products must bear two sets of expiration information in its labeling?",,,False
ptcb-org-0014,A pharmacy technician compounding which of the following may adhere to the standards of USP Chapter 795 only?,,,False
ptcb-org-0015,An expiration date of 7/2025 on a vial of mumps virus live vaccine means that the vial contents expire:,,,False
ptcb-org-0016,"In order to ensure that the appropriate product was selected from the shelf, a pharmacy technician should verify the medication's:",,,False
ptcb-org-0017,Pen needles would be most appropriate for a patient with a prescription for which of the following injectable medications?,,,False
ptcb-org-0018,Which two items on a manufacturer's bottle are typically used to identify recalled drugs?,,,False
ptcb-org-0019,The abbreviation 'b.i.d.' is an example of a medication:,,,False
ptcb-org-0020,Which of the following abbreviations represents 'under the tongue'?,,,False
ptcb-org-0021,Which of the following statements regarding specific patient medication returns in the hospital setting is correct?,,,False
ptcb-org-0022,"A physician writes the following prescription: Carafate oral suspension 1 g/10 mL. Sig: 10 mL q.i.d. a.c. & h.s., Disp: 14 oz. This prescription label should read:",,"1 teaspoonful (tsp) is 5 mL, so 10 mL equals 2 teaspoonfuls. 'q.i.d.' is four times per day, 'a.c.' means before meals, and 'h.s.' means at bedtime.",True
ptcb-org-0023,A pharmacy technician is asked to divide a bulk bottle of chloral hydrate 500 mg/5 mL into 1 tsp unit-of-use packaging. The best option for portioning out the drug is to use a(n):,,,False
ptcb-org-0024,A reverse distributor for pharmaceuticals:,,,False
ptcb-org-0025,Humalog 5 units SQ t.i.d. 5 min p.c. and 2 units SQ q.h.s. UD means the patient is instructed to inject 5 units three times a day:,,,False
ptcb-org-0026,Medications' lot numbers are assigned by the:,,,False
ptcb-org-0027,"The pharmacy receives the following prescription: Levofloxacin 0.5% solution, #1 bottle. Sig: 2 gtts OD q2h while awake on days 1-2 then 2 gtts OD q4h while awake on days 3-7. Where is the patient instructed to use the medication?",,,False
ptcb-org-0028,Which of the following medications should be pulled from inventory due to incorrect storage?,,,False
ptcb-org-0029,A vial of medication shows the manufacturer's expiration date as November 2026. The last date on which this medication may be used is:,,,False
ptcb-org-0030,Which part of the meniscus should the pharmacy technician use to measure water in a graduated cylinder?,,,False
ptcb-org-0031,The primary purpose of rotating inventory in the pharmacy is to:,,,False
ptcb-org-0032,Which of the following needle gauges designates the largest bore?,,,False
ptcb-org-0033,Which of the following should be used to identify a particular batch of compounded product?,,,False
ptcb-org-0034,"If a contamination or serious stability risk could cause severe adverse health consequences or death, which type of recall should be assigned?",,,False
ptcb-org-0035,Which of the following situations would be most likely to cause a Class III recall?,,,False
ptcb-org-0036,A prescription for Duragesic (Fentanyl) patches should be filed under which DEA schedule?,,,False
ptcb-org-0037,A vial containing a hazardous material breaks in the pharmacy cleanroom. Which of the following items must be on hand immediately?,,,False
ptcb-org-0038,Handling hazardous cytotoxic or antineoplastic drugs should always be completed:,,,False
ptcb-org-0039,Which of the following medications is a hazardous drug that requires special handling?,,,False
ptcb-org-0040,Handling hazardous substances should be done:,,,False
ptcb-org-0041,A drug recall that is most likely to result in severe adverse health consequences or death upon exposure is known as:,,,False
ptcb-org-0042,A Safety Data Sheet is required by federal law to provide instruction for:,,,False
ptcb-org-0043,Which of the following may serve as tracing documentation when a pharmacy borrows noncontrolled medication from a different pharmacy?,,,False
ptcb-org-0044,The iPLEDGE restricted drug distribution program is associated with:,,,False
ptcb-org-0045,"According to the DEA, when a controlled substance prescription is transferred from one pharmacy to another for the purpose of dispensing a refill, the original and transferred prescriptions must be maintained for a period of at least how many years from the date of the last refill?",,,False
ptcb-org-0046,Medical device safety alerts are issued by the FDA when a device:,,,False
ptcb-org-0047,"According to federal law, pharmacies must order stock bottles of which of the following medications using CSOS or a paper equivalent?",,,False
ptcb-org-0048,"According to federal law, how long, in years, must a pharmacy maintain records for each controlled substance purchased, received, distributed, or dispensed?",,,False
ptcb-org-0049,"In addition to laws enforced by state and local authorities, pharmaceutical waste disposal is also regulated by the federal:",,,False
ptcb-org-0050,The theft or loss of significant quantities of controlled substances must be reported to:,,,False
ptcb-org-0051,"A patient wants to transfer a diazepam prescription from a chain pharmacy to a mail order pharmacy to be refilled. The pharmacies do not share a real-time, online database. According to federal law, this prescription may:",,,False
ptcb-org-0052,Which of the following situations would be most likely to cause a Class III recall?,,,False
ptcb-org-0053,"Under the Combat Methamphetamine Epidemic Act of 2005, patients must sign a log and provide valid photo identification in order to purchase OTC products that contain:",,,False
ptcb-org-0054,The Food and Drug Administration (FDA) may require a Medication Guide to be dispensed as part of a(n):,,,False
ptcb-org-0055,"According to federal law, the information required on the prescription label for a controlled substance dispensed by the pharmacist in a community pharmacy shall contain the:",,,False
ptcb-org-0056,Which of the following federal government agencies is allowed to request a recall of a pharmaceutical?,,,False
ptcb-org-0057,"According to the DEA, a complete and accurate inventory of controlled substances must be completed every:",,,False
ptcb-org-0058,"According to federal law, a new controlled substance prescription must include the:",,,False
ptcb-org-0059,"If there is an error in a medication's expiration date on the manufacturer's label, which type of recall is the FDA most likely to request?",,,False
ptcb-org-0060,Which of the following organizations is tasked with enforcing proper medication disposal practices to ensure that pharmaceutical waste does not contaminate waterways and drinking water?,,,False
ptcb-org-0061,"According to federal law, prescriptions for Schedule III controlled substances may:",,,False
ptcb-org-0062,"According to the Drug Supply Chain Security Act (DSCSA), a medication package must be labeled with the NDC, lot number, expiration date, and a:",,,False
ptcb-org-0063,A prescription for Duragesic patches should be filed under which DEA schedule?,,,False
ptcb-org-0064,The FDA requires manufacturers of drugs with safety concerns to develop a(n):,,,False
ptcb-org-0065,"According to federal law, a prescription for which of the following medications may be transferred to another pharmacy to be refilled?",,,False
ptcb-org-0066,"According to NIOSH and ASHP, a drug should be classified as hazardous if it causes:",,,False
ptcb-org-0067,"Starting on the date a sample is taken for a negative pregnancy test, what is the time frame within which isotretinoin must be dispensed for patients of childbearing potential?",,,False
ptcb-org-0068,"According to federal law, a complete inventory of the controlled substances on hand in a pharmacy must be made every:",,,False
ptcb-org-0069,A vial containing a hazardous material breaks in the pharmacy. Which of the following items must be on hand to contain and clean up the hazardous material?,,,False
ptcb-org-0070,The puncture-resistant container that is used for needle disposal is referred to as a:,,,False
ptcb-org-0071,"According to federal law, a pharmacy transferring an outdated Schedule IV controlled substance to a reverse distributor for destruction should:",,,False
ptcb-org-0072,"According to federal law, hard copies of prescriptions for which of the following types of drugs must be stored in a file separate from other prescription records?",,,False
ptcb-org-0073,Which of the following medication purchases may be tracked using MethCheck?,,,False
ptcb-org-0074,"According to the Code of Federal Regulations, records regarding the distribution, receipt, or destruction of controlled substances must be maintained for a minimum of how many years?",,,False
ptcb-org-0075,A Class I recall is issued when the use of an adulterated drug product is believed to:,,,False
ptcb-org-0076,"If a Proventil HFA inhaler is found to contain no active ingredient, which type of recall should be assigned?",,,False
ptcb-org-0077,"Under standard precautions, it is considered safe for healthcare workers to come in direct contact with patients':",,"Standard precautions block contact with blood/body fluids. Contact with dirty intact skin does not present an immediate bloodborne pathogen path, though subsequent hand hygiene is required.",True
ptcb-org-0078,A pharmacy technician processing a refill for prenatal vitamins (Sig: one daily with food) notices that the patient received 90 tablets last month. The best action for the technician to take would be to:,,,False
ptcb-org-0079,Which cleansing agent is recommended for proper hand hygiene in a healthcare environment after using the restroom?,,,False
ptcb-org-0080,"Of the following, a patient would most benefit from a pharmacist consultation in the event that they:",,,False
ptcb-org-0081,An immediate-release drug was dispensed instead of the controlled- or extended- release drug indicated by the prescriber. Which type of error is this?,,,False
ptcb-org-0082,"According to the Institute for Safe Medication Practices (ISMP), one class of drugs that is considered high-alert in a community setting is oral:",,,False
ptcb-org-0083,A dispensing error is defined as a discrepancy between a prescription and the medication that is:,,,False
ptcb-org-0084,Medication error reporting:,,,False
ptcb-org-0085,"To prevent cross-contamination between solid dosage forms like tablets and capsules, a pharmacy technician should:",,,False
ptcb-org-0086,Which of the following should be a characteristic of a successful root-cause analysis (RCA) used to investigate a significant medication error?,,,False
ptcb-org-0087,"A pharmacy receives the following prescription: Fentanyl 100 mg/hr, Apply 1 patch every 72 hours #10. An error appears to have been made in the medication's:",,"Calculation steps: Fentanyl transdermal patches are dosed and manufactured strictly in micrograms per hour (mcg/hr), never milligrams (mg/hr). A strength of 100 mg/hr represents a fatal overdose.",True
ptcb-org-0088,For which of the following questions should a pharmacy technician refer the patient to the pharmacist?,,,False
ptcb-org-0089,"In order to minimize the risk of contamination by pathogens, hospital staff should:",,,False
ptcb-org-0090,"A patient picking up a prescription for naproxen inquires if the pharmacy has OTC ibuprofen. In response to this request, the pharmacy technician should:",,,False
ptcb-org-0091,A pharmacy technician should alert the pharmacist to counsel a patient who has presented prescriptions for both:,,,False
ptcb-org-0092,"Upon receiving a new prescription, the pharmacy technician should first:",,,False
ptcb-org-0093,"What is the easiest, most effective way to prevent the spread of infections?",,,False
ptcb-org-0094,"According to the Institute for Safe Medication Practices (ISMP), which of the following is considered a look-alike/sound-alike medication pair?",,,False
ptcb-org-0095,An important step that helps ensure that prescriptions are filled for and dispensed to the correct patient is:,,,False
ptcb-org-0096,"According to the FDA, heparin strength per total volume should be the primary and prominent expression on the manufacturer's label, followed by the:",,,False
ptcb-org-0097,Which of the following helps prevent potential errors resulting from failure to check and verify the appropriateness of prescription information?,,,False
ptcb-org-0098,"In the event of a drug recall, a pharmacy technician may:",,Quarantine recalled items and coordinate their return or credit with the manufacturer or prime supplier.,True
ptcb-org-0099,"As a means to reduce medication errors, which of the following is used to identify patients and medications in pharmacy automation?",,,False
ptcb-org-0100,Which of the following patient questions must be referred to a pharmacist?,,,False
ptcb-org-0101,The most effective way to prevent the spread of infection within a pharmacy is to:,,,False
ptcb-org-0102,A patient may benefit from Medication Therapy Management (MTM) services when they:,,,False
ptcb-org-0103,"According to federal law, pharmacists must be alerted for consultations in all of the following situations except:",,,False
ptcb-org-0104,"To reduce the chance of selecting the wrong patient, a pharmacy technician entering patient demographic information should:",,,False
ptcb-org-0105,Which of the following best supports the use of Tall Man lettering?,,,False
ptcb-org-0106,"A pharmacy receives the following prescription: Travoprost ophthalmic solution, Instill 1 gtt AU daily, Dispense #1 bottle. The prescriber should be contacted because the:",,,False
ptcb-org-0107,A medication quantity was omitted from a prescription. This occurrence may best be described as which type of error?,,,False
ptcb-org-0108,An indicator that a patient may need additional counseling is when the patient:,,,False
ptcb-org-0109,An adherence error may be indicated when a patient:,,,False
ptcb-org-0110,"Alcohol-based hand sanitizers are germicidal against gram-positive and gram- negative bacteria, including:",,,False
ptcb-org-0111,A patient requests a refill of extended-release glipizide approximately 15 days after it was due and states they always take it at breakfast but many days don't have time to eat. How should the technician respond?,,,False
ptcb-org-0112,"According to the ISMP, IV propranolol is considered a high-alert medication in acute care settings because it is a(n):",,,False
ptcb-org-0113,"The following prescription is presented: Naproxen, #30, Sig: 1 PO b.i.d. Which of the following should be the first step in processing this prescription?",,,False
ptcb-org-0114,The following order is written for an adult patient: Amoxicillin/clavulanate 875 mg IV q12h. Which of the following statements about this order is most accurate?,,,False
ptcb-org-0115,Look-alike/sound-alike precautions should be applied to medications with similar:,,,False
ptcb-org-0116,"A logical and systematic process used to help identify what, how, and why something happened in order to prevent recurrence is referred to as:",,,False
ptcb-org-0117,"During order entry, pharmacy technicians should verify each medication's brand and generic names in order to ensure that:",,,False
ptcb-org-0118,"According to the Institute for Safe Medication Practices (ISMP), which of the following are considered look-alike/sound-alike medications?",,,False
ptcb-org-0119,Which of the following is a non-profit organization that focuses on educating healthcare providers and consumers with the goal of preventing medication errors?,,,False
ptcb-org-0120,Which of the following types of analysis examines the contributing factors of why and how an error (or near miss) occurred?,,,False
ptcb-org-0121,"A prescription for acetaminophen 325 mg tablets was inadvertently filled with acetaminophen 500 mg tablets, but the verifying pharmacist caught and corrected the mistake prior to dispensing. It would be most appropriate to report this situation as a(n):",,,False
ptcb-org-0122,"Healthcare practitioners and consumers are encouraged to report medication errors, close calls, hazardous conditions, preventable adverse drug reactions, and vaccine errors to the:",,,False
ptcb-org-0123,DUR is conducted to:,,,False
ptcb-org-0124,Which of the following best defines 'MedWatch'?,,,False
ptcb-org-0125,Which of the following situations requires pharmacist intervention?,,,False
ptcb-org-0126,Methotrexate directions read: Take 7 tabs once per week. A patient with rheumatoid arthritis returns after 4 days to request a refill. The technician should:,,,False
ptcb-org-0127,For safety reasons the medical abbreviations q.d. and QD should not be used; instead they should be written as:,,,False
ptcb-org-0128,Which of the following is a recommended strategy for preventing medication errors?,,,False
ptcb-org-0129,"According to the Institute for Safe Medication Practices (ISMP), tretinoin is at risk of being confused with the generic name for:",,,False
ptcb-org-0130,Which task related to selling pseudoephedrine should be handed off from the technician to the pharmacist?,,,False
ptcb-org-0131,"According to the Institute for Safe Medication Practices (ISMP), a high-alert medication is a medication that:",,,False
ptcb-org-0132,The unapproved abbreviation 'Per os' could be mistaken for:,,,False
ptcb-org-0133,Tall Man lettering is used to:,,,False
ptcb-org-0134,Which of the following medication pairs is an example of a look-alike/sound-alike error in which an antifungal drug is dispensed instead of an anesthetic drug?,,,False
ptcb-org-0135,Insulins are considered high-alert medications because they can cause potentially fatal:,,,False
ptcb-org-0136,"According to USP Chapter 800, a reusable counting tray used to count out cyclophosphamide capsules must be:",,,False
ptcb-org-0137,Which of the following is least likely to cause significant patient harm if used in error?,,,False
ptcb-org-0138,Which of the following issues is the most likely target of a DUR?,,,False
ptcb-org-0139,Which of the following medication classes is considered high-alert?,,,False
ptcb-org-0140,"A community pharmacy receives an order for: Digoxin 2.5 mg tablets, Take 1 tablet PO daily #30. Pharmacy staff should:",,Digoxin is a high-potency drug with a narrow range commercially stocked as 0.125 mg and 0.25 mg. A written order for 2.5 mg indicates a 10-fold prescribing error that requires verification.,True
ptcb-org-0141,A pharmacy technician receives a prescription for Dilaudid 4 mg tablets DAW. The pharmacy is out of Dilaudid. The technician fills it with hydromorphone. The pharmacist stops the check because:,,,False
ptcb-org-0142,Which of the following conditions may help prevent medication errors?,,,False
ptcb-org-0143,A pharmacy technician must refer a patient to a pharmacist to answer questions related to:,,,False
ptcb-org-0144,It would be most appropriate to report which of the following to MedWatch?,,,False
ptcb-org-0145,A goal of VAERS is to:,,,False
ptcb-org-0146,"A pharmacy receives the following prescription: Xanax 5 mg tablets #10, Take 1 tablet PO b.i.d. p.r.n. The prescriber must be contacted for clarification because:",,Calculation steps: Xanax (alprazolam) is only manufactured in strengths up to 2 mg. An order for 5 mg indicates a severe prescribing error requiring telephone intervention.,True
ptcb-org-0147,Which strategy reduces the frequency of prescription order entry errors?,,,False
ptcb-org-0148,"If two drugs are commonly mistaken for each other, what strategy could reduce the possibility of an error reaching the patient?",,,False
ptcb-org-0149,Which of the following must be included if a new prescription is to be considered complete and clear?,,,False
ptcb-org-0150,Which of the following ACE inhibitors has a brand name that is a look-alike/sound- alike medication for Aciphex?,,,False
ptcb-org-0151,Which of the following statements regarding the proper use of gloves is correct?,,,False
ptcb-org-0152,Tall Man lettering is used to:,,,False
ptcb-org-0153,A pharmacy technician fills a prescription with the wrong medication because of container similarity but catches the error. The technician should:,,,False
ptcb-org-0154,"Prior to filling the following prescription, what information should be obtained from the prescriber to prevent a dispensing error? Metoprolol 50 mg #30, 50 mg daily.",,,False
ptcb-org-0155,"An order for a drug with a whole number strength should never be followed by a trailing zero (e.g., 10.0 mg) because the patient could be:",,"Faint handwriting can easily mask a decimal point. If '10.0 mg' is read as '100 mg', it precipitates a highly toxic 10- fold medication overdose event.",True
ptcb-org-0156,The pediatric dose of a medication is 25 to 100 mg/kg/day in 2 or 3 split doses. A child weighing 10 kg is prescribed 250 mg q6h. This is a(n):,,"Safe parameters for a 10 kg child equals 250 mg to 1,000 mg per day. The order specifies 250 mg every 6 hours (4 times per day) equals 1,000 mg/day. Since this matches the maximum safe per day threshold, it is an appropriate order.",True
ptcb-org-0157,The pediatric dose of a medication is 25 to 100 mg/kg/day in 2 or 3 split doses. A child weighing 10 kg is prescribed 500 mg q8h. This is a(n):,,"Maximum safe per day limit is 1,000 mg/day. The prescription orders 500 mg every 8 hours (3 times per day) equals 1,500 mg/day. Because 1,500 mg exceeds the 1,000 mg limit, it is a dangerous drug overdose. SECTION 4: INSTITUTIONAL PHARMACY ORDER ENTRY, CONVERSIONS & MATH MATHEMATICAL DERIVATIONS",True
ptcb-org-0158,Which of the following is a method that can reduce the likelihood of dispensing an expired medication?,,,False
ptcb-org-0159,A stock bottle labeled with NDC number 00046-0867-81 contains the same medication as a bottle labeled with which of the following NDC numbers?,,,False
ptcb-org-0160,"If the expiration date of a drug product is May 2027, the drug should no longer be used by patients after:",,,False
ptcb-org-0161,Two stock bottles of atenolol have the following NDC numbers: 00781-1506-10 and 00781-1506-01. What is the difference in the bottles?,,,False
ptcb-org-0162,Which of the following is the procedure for proper disposal of legend drugs that have passed the expiration date printed on the stock container by the manufacturer?,,,False
ptcb-org-0163,"If a drug has the expiration date December 2025, it actually expires at midnight on:",,,False
ptcb-org-0164,"When used on a prescription, ""PR"" indicates a particular:",,,False
ptcb-org-0165,"According to federal law, which of the following drug products must bear two sets of expiration information in its labeling?",,,False
ptcb-org-0166,A pharmacy technician compounding which of the following may adhere to the standards of USP Chapter 755 only?,,,False
ptcb-org-0167,An expiration date of 7/2025 on a vial of mumps virus live vaccine means that the vial contents expire:,,,False
ptcb-org-0168,"In order to ensure that the appropriate product was selected from the shelf, a pharmacy technician should verify the medication's:",,,False
ptcb-org-0169,Pen needles would be most appropriate for a patient with a prescription for which of the following injectable medications?,,,False
ptcb-org-0170,Which two items on a manufacturer's bottle are typically used to identify recalled drugs?,,,False
ptcb-org-0171,"The abbreviation ""b.i.d."" is an example of a medication:",,,False
ptcb-org-0172,"Which of the following abbreviations represents ""under the tongue""?",,,False
ptcb-org-0173,Which of the following statements regarding specific patient medication returns in the hospital setting is correct?,,,False
ptcb-org-0174,"A physician writes the following prescription: Carafate oral suspension 1 g/10 mL, Sig: 10 mL q.i.d. a.c. & h.s., Disp: 14 oz. This prescription label should read:",,,False
ptcb-org-0175,A pharmacy technician is asked to divide a bulk bottle of chloral hydrate 500 mg/5 mL into 1 tsp unit-of-use packaging. The best option for portioning out the drug is to use a(n):,,,False
ptcb-org-0176,A reverse distributor for pharmaceuticals:,,,False
ptcb-org-0177,A 25 year old patient with type 1 diabetes presents the following prescription: Humalog 5 units SQ t.i.d. 5 min p.c. and 2 units SQ q.h.s. UD. The patient is instructed to inject 5 units three times a day:,,,False
ptcb-org-0178,Medications' lot numbers are assigned by the:,,,False
ptcb-org-0179,"The pharmacy receives the following prescription: Levofloxacin 0.5% solution, #1 bottle, Sig: 2 gtts OD q2h while awake on days 1-2 then 2 gtts OD q4h while awake on days 3-7. Where is the patient instructed to use the medication?",,,False
ptcb-org-0180,"A particular manufacturer packages amlodipine 2.5 mg tablets with an NDC of 00603-2108-02. If a pharmacy technician wants to receive hydrochlorothiazide 12.5 mg capsules from the same manufacturer, which of the following NDCs should they order?",,,False
ptcb-org-0181,A prescription medication that has passed its expiration date should be:,,,False
ptcb-org-0182,An expiration date provided by a manufacturer is 5/25. The last day this drug would be considered safely potent would be:,,,False
ptcb-org-0183,One agent that can be added to liquid preparations made from tablets to keep the medication uniformly suspended is:,,,False
ptcb-org-0184,Which of the following is an example of a medication in unit-of-use packaging?,,,False
ptcb-org-0185,Which of the following medications should be pulled from inventory due to incorrect storage?,,,False
ptcb-org-0186,A vial of medication shows the manufacturer's expiration date as November 2026. The last date on which this medication may be used is:,,,False
ptcb-org-0187,A private company that serves pharmacies by returning certain unwanted or expired medications to the manufacturer is called a:,,,False
ptcb-org-0188,Which part of the meniscus should the pharmacy technician use to measure water in a graduated cylinder?,,,False
ptcb-org-0189,The primary purpose of rotating inventory in the pharmacy is to:,,,False
ptcb-org-0190,Which of the following needle gauges designates the largest bore?,,,False
ptcb-org-0191,A prescriber orders a medication for a patient with the following directions: Sig: i-ii tabs PO q4-6h p.r.n. pain. What is the appropriate translation for the prescription label?,,,False
ptcb-org-0192,Which of the following should be used to identify a particular batch of compounded product?,,,False
ptcb-org-0193,Hyperglycemia is a condition in which the patient has which of the following in their blood?,,,False
ptcb-org-0194,Which of the following products should be administered using a nebulizer?,,,False
ptcb-org-0195,"A pharmacy receives the following prescription: Cephalexin 500 mg capsules, 1 cap PO q.i.d. #28. The prescription label should direct the patient to take 1 capsule by mouth:",,,False
ptcb-org-0196,What action should be taken to prevent an expired product from being used to fill prescriptions?,,,False
ptcb-org-0197,"When verifying National Drug Codes on a received shipment, a pharmacy technician discovers that the supplier filled a purchase order for NDC 0093-3145-05 with NDC 0093-3107-05. The pharmacy technician realizes that the item received:",,,False
ptcb-org-0198,"A prescriber has ordered KCL 20 mEq PO daily for hypokalemia. The medication is supplied in 10 mEq/15 mL. How much, in mL, should be administered daily?",,Order: 20 mEq. Stock: 10 mEq / 15 mL. Formula: (20 mEq / 10 mEq) * 15 mL equals 30 mL total per day volume needed.,True
ptcb-org-0199,A dose of 1.5 fl oz is equivalent to:,,"Conversion check: 1 fluid ounce (fl oz) equals exactly 2 tablespoons (tbsp). Therefore, 1.5 fl oz * 2 equals 3 tbsp.",True
ptcb-org-0200,"The following order is written for acetaminophen with codeine elixir 120 mg/5 mL and 12 mg/5 mL, respectively: Sig: 1 tbsp PO q6h p.r.n., Disp: 4 oz. How much acetaminophen and codeine will each prescribed dose contain?",,1 tablespoon (tbsp) equals 15 mL. Stock base contains 120 mg Acetaminophen / 12 mg Codeine per 5 mL. Multiplier equals 15 mL / 5 mL equals 3. Acetaminophen: 120 mg * 3 equals 360 mg. Codeine: 12 mg * 3 equals 36 mg.,True
ptcb-org-0201,"How much hydrocortisone, in mg, is contained in 1 oz of 2% hydrocortisone ointment?",,1 oz of ointment converts to 30 grams. A 2% strength indicates 2 g active compound per 100 g ointment base (0.02 ratio). Total amount equals 30 g * 0.02 equals 0.6 g equals 600 mg active drug.,True
ptcb-org-0202,"A patient is to receive 2 tsp of a 5 mg/mL solution at bedtime, and b.i.d. p.r.n. A 480 mL stock bottle is dispensed. What is the minimum number of days this prescription will last?",,Single dose: 2 tsp equals 10 mL. Frequency: Bedtime (1 dose) + b.i.d. p.r.n. (up to 2 doses) equals 3 max per day doses. per day volume equals 10 mL * 3 equals 30 mL. Days supply equals 480 mL / 30 mL/day equals 16 days.,True
ptcb-org-0203,A prescription is written for U-100 insulin to dispense 10 mL with directions to inject 40 units subcutaneously daily. How many days should the supply last if the medication is used as directed?,,U-100 insulin specifies exactly 100 units/mL. A 10 mL vial provides 10 mL * 100 units/mL equals 1000 total units. per day intake equals 40 units. Days supply equals 1000 units / 40 units/day equals 25 days.,True
ptcb-org-0204,"A patient injects 30 units of U-100 insulin every morning and 15 units every evening. How long, in days, should a 10 mL vial last the patient if taken as directed?",,"A 10 mL vial of U-100 insulin contains 1000 units. per day requirement: 30 units (morning) + 15 units (evening) equals 45 units/day. Days supply equals 1000 units / 45 units/day equals 22.22 days, which yields 22 full days.",True
ptcb-org-0205,A physician writes a prescription for 1 gallon of sterile NS irrigation to be dispensed to a patient. The pharmacy stocks only 1000 mL bottles. How many bottles should be dispensed?,,"1 gallon equals approximately 3785 mL. Stock bottle size is 1000 mL. Total bottles required equals 3785 mL / 1000 mL equals 3.785, which means 4 bottles must be dispensed to satisfy the full volume.",True
ptcb-org-0206,"A prescription for a patient indicates a dosage of 1 fl oz t.i.d. for 5 days. What volume, in mL, should be dispensed?",,1 fl oz equals 30 mL. Ordered t.i.d. (3 times per day) equals 3 fl oz per day. per day volume equals 3 * 30 mL equals 90 mL. Total volume for 5 days equals 90 mL/day * 5 days equals 450 mL.,True
ptcb-org-0207,"What daily dose, in g, of a drug prescribed at 15 mg/kg/day should be administered to a patient weighing 65 kg?",,per day dosage calculation: 15 mg/kg/day * 65 kg equals 975 mg per day. Convert mg to grams: 975 mg / 1000 equals 0.975 g.,True
ptcb-org-0208,"How much acetylcysteine, in mg, is in 6 mL of acetylcysteine 20%?",,"A 20% solution represents 20 g per 100 mL, which simplifies to 200 mg/mL. Total amount in 6 mL equals 6 mL * 200 mg/ mL equals 1200 mg.",True
ptcb-org-0209,"If there are approximately 20 drops per mL in an eye solution, how long, in days, will 10 mL last if given 2 gtts OS b.i.d.?",,Dose: 2 drops in left eye (OS) twice per day (b.i.d.) equals 4 drops per day. Vial contains 10 mL * 20 drops/mL equals 200 total drops. Days supply equals 200 drops / 4 drops/day equals 50 days.,True
ptcb-org-0210,"The pharmacy receives the following prescription: Tamsulosin 0.4 mg caps, Sig: 0.4 mg PO daily for 2 weeks then increase to 0.8 mg daily thereafter. What quantity of capsules will be needed for the first 30 days?",,,False
ptcb-org-0211,A pharmacy technician receives a prescription for Biaxin 7.5 mg/kg every 12 hours for 10 days. The patient weighs 20 lb. How many mg should be dispensed per dose?,,"Weight metric conversion: 20 lbs / 2.2 equals 9.09 kg. Ordered dose factor equals 7.5 mg/kg. Target single dose equals 9.09 kg * 7.5 mg/kg equals 68.18 mg, matching choice 68 mg.",True
ptcb-org-0212,"When 80 g of an ointment contains 4 g of zinc oxide, the percent strength of zinc oxide is:",,Percent strength is mass over total volume base: (4 g active / 80 g total ointment weight) * 100 equals 5% concentration strength.,True
ptcb-org-0213,"A pharmacy receives an order for lactulose syrup 10 g/15 mL that reads, ""Sig: 20 g PO q.h.s. Disp: 60 days supply."" What should each dose of this prescription be, and what should be the total amount dispensed?",,Concentration: 10 g per 15 mL. A 20 g dose requires 30 mL equals 2 tbsp. per day volume equals 30 mL. For 60 days: 30 mL * 60 equals 1800 mL. Convert to ounces: 1800 mL / 30 mL/oz equals 60 oz.,True
ptcb-org-0214,"The pharmacy stocks a 300 mL bottle of 7.5% solution. If the dose of the solution is 1 tsp, what is the drug dose?",,"1 tsp equals 5 mL. A 7.5% solution represents 7.5 g per 100 mL, or 0.075 g/mL. Total drug weight in a single dose equals 5 mL * 0.075 g/mL equals 0.375 g.",True
ptcb-org-0215,"What volume, in mL, should a patient requiring 40 units of U-100 insulin receive?",,U-100 insulin has a fixed concentration of 100 units/mL. Required volume equals 40 units / 100 units/mL equals 0.4 mL.,True
ptcb-org-0216,How many methylphenidate 10 mg tablets are required to fill this prescription?,,,False
ptcb-org-0217,"A prescription is written for 1 drop of a specified sodium fluoride solution daily; a volume of 24 mL is dispensed. If 1 mL of the solution provides 15 drops, for how many days will the patient's supply last?",,"Total fluid drops available in bottle equals 24 mL * 15 drops/mL equals 360 drops. At 1 drop per day, the supply will last exactly 360 days.",True
ptcb-org-0218,"If a patient is taking 0.5 g of cephalexin monohydrate t.i.d., the daily dose, in mg, is:",,Single dose weight is 0.5 g equals 500 mg. Frequency t.i.d. means 3 times per day. Total per day dose mass equals 500 mg * 3 equals 1500 mg.,True
ptcb-org-0219,"A 10 mL bottle of Humulin-N U-100 insulin is dispensed to a patient. If dosed at 35 units subcutaneously daily, for how long, in days, should this medication last?",,"A 10 mL vial of U-100 insulin provides 1000 units. per day requirement equals 35 units. Total days equals 1000 / 35 equals 28.57 days, which provides 28 full days.",True
ptcb-org-0220,How many 0.75 mg dexamethasone tablets are needed to administer a 3 mg dose?,,Compute by dividing target mass by individual tablet strength: 3 mg total / 0.75 mg/tablet equals 4 tablets required.,True
ptcb-org-0221,"A prescription for prednisone specifies dosing as 1 tsp q.i.d. for 3 days, then 1 tsp b.i.d. for 3 days, and finally 1 tsp daily for 3 days. Which of the following is the smallest bottle size, in fl oz, that can be used for the entire prescription?",,"1 tsp equals 5 mL. Phase 1: 5 mL * 4 * 3 equals 60 mL. Phase 2: 5 mL * 2 * 3 equals 30 mL. Phase 3: 5 mL * 1 * 3 equals 15 mL. Total volume equals 60 + 30 + 15 equals 105 mL. Since 1 oz equals 30 mL, 105 mL is 3.5 oz. The smallest standard bottle to hold this volume is 4 oz.",True
ptcb-org-0222,"A pharmacy receives a prescription for a 250 mg/5 mL suspension of cephalexin. The directions indicate that the patient should take 1.5 tsp three times a day. If the pharmacy stocks a 125 mg/5 mL suspension of cephalexin, the appropriate volume, in mL, per dose is:",,"Target dose: 1.5 tsp of 250 mg/5 mL. 1.5 tsp equals 7.5 mL, providing 375 mg. Stock on hand is 125 mg/5 mL (25 mg/ mL). Required volume of stock equals 375 mg / 25 mg/mL equals 15 mL.",True
ptcb-org-0223,"A patient presents the following prescription: Humulin 70/30 U-100, Sig: 45 units subcutaneous q.a.m. and 55 units subcutaneous q.p.m. Disp: 30 days supply. The number of 10 mL vials to be entered into the patient profile for the quantity ordered is:",,per day insulin requirement equals 45 units + 55 units equals 100 units/day. 30 days requires 3000 units total. Each 10 mL U-100 vial has 1000 units. Vials required equals 3000 / 1000 equals 3 vials.,True
ptcb-org-0224,"Given the following prescription: Hydrocortisone 1% ointment 15 g, Clotrimazole 1% cream 25 g, Petrolatum ointment q.s. ad 120 g. How much petrolatum ointment, in g, is needed for compounding?",,Target weight equals 120 g. Active components add up to 15 g + 25 g equals 40 g. Base weight needed (q.s. ad) equals 120 g - 40 g equals 80 g.,True
ptcb-org-0225,"What amount, in g, of active ingredient is in a 60 g tube of 2% triamcinolone cream?",,A 2% concentration represents 2 g active ingredient inside 100 g cream. For a 60 g tube: 60 g * 0.02 equals 1.2 g.,True
ptcb-org-0226,A patient presents a prescription for Lovenox 60 mg b.i.d. for 2 weeks. How many doses should be dispensed to the patient?,,Frequency b.i.d. means twice per day. 2 doses/day * 14 days (2 weeks) equals 28 total doses to be dispensed.,True
ptcb-org-0227,"A prescriber orders 1,000,000 units of penicillin G. The penicillin G on hand is available as a solution containing 250,000 units/mL. What volume of stock solution, in mL, is required?",,"Compute by dividing total units required by concentration: 1,000,000 units / 250,000 units/mL equals 4 mL.",True
ptcb-org-0228,"If a child weighing 12 kg is to receive 40 mg/kg/dose of amoxicillin 400 mg/5 mL suspension, what should the volume of each dose be in mL?",,Dose mass equals 12 kg * 40 mg/kg equals 480 mg. Stock suspension is 400 mg / 5 mL. Required volume per single dose equals (480 mg / 400 mg) * 5 mL equals 6 mL.,True
ptcb-org-0229,"The pharmacy receives a prescription for prednisone with the following directions: ""Take 20 mg a day for the first three days, then decrease dose by 5 mg every three days until finished."" How many 5 mg tablets should be dispensed to fill this prescription?",,Days 1-3: 20 mg/day (4 tabs per day * 3 equals 12). Days 4-6: 15 mg/day (3 tabs per day * 3 equals 9). Days 7-9: 10 mg/day (2 tabs per day * 3 equals 6). Days 10-12: 5 mg/day (1 tab per day * 3 equals 3). Total equals 12 + 9 + 6 + 3 equals 30 tablets.,True
ptcb-org-0230,A pharmacy receives an order for amoxicillin suspension 200 mg to be taken every 8 hours. How many doses can be prepared from a 100 mL stock bottle of amoxicillin 250 mg/5 mL?,,Total drug mass in 100 mL bottle equals 100 mL * (250 mg / 5 mL) equals 5000 mg. Each dose is 200 mg. Total doses equals 5000 mg / 200 mg equals 25 doses.,True
ptcb-org-0231,"A patient brings in a prescription for amoxicillin 400 mg/5 mL suspension. The directions are to take 1 tsp PO q8h for 10 days. What volume, in mL, will the patient receive over the course of the 10 days?",,1 tsp equals 5 mL. Frequency q8h means 3 times a day. per day volume equals 15 mL. Total volume for 10 days equals 15 mL/day * 10 days equals 150 mL.,True
ptcb-org-0232,"A prescriber has written the following prescription: ""Zithromax 100 mg/5 mL. Take 80 mg on day 1 and 40 mg once daily on days 2-5."" The patient should:",,Stock concentration is 100 mg/5 mL equals 20 mg/mL. Day 1: 80 mg / 20 mg/mL equals 4 mL. Days 2-5: 40 mg / 20 mg/mL equals 2 mL per day.,True
ptcb-org-0233,"What quantity, in mL, of 3% acetic acid must be mixed with 15% acetic acid to give 2500 mL of 10% acetic acid?",,"Using Alligation matrix: High (15) to target (10) gives 5 parts of 3%. Low (3) to target (10) gives 7 parts of 15%. Total parts equals 12. Volume of 3% solution equals (5 / 12) * 2500 mL equals 1041.67 mL, correlating to choice 1040 mL.",True
ptcb-org-0234,What quantity of neomycin is contained in 50 mL of a 1% neomycin solution?,,"A 1% solution contains 1 g active ingredient per 100 mL, which equals 10 mg/mL. For 50 mL: 50 mL * 10 mg/mL equals 500 mg.",True
ptcb-org-0235,"Given the following prescription: Hydrocortisone 1.5%, Hydrophilic ointment q.s. ad 30 g. How many hydrocortisone 50 mg tablets are needed for dispensing?",,Target hydrocortisone mass equals 30 g * 1.5% equals 0.45 g equals 450 mg. Each tablet provides 50 mg. Total tablets needed equals 450 mg / 50 mg/tablet equals 9 tablets.,True
ptcb-org-0236,How many rifampin 300 mg capsules are required to make a 240 mL stock solution of rifampin syrup 10 mg/mL?,,Total amount needed equals 240 mL * 10 mg/mL equals 2400 mg. Each capsule contains 300 mg. Total capsules needed equals 2400 mg / 300 mg equals 8 capsules.,True
ptcb-org-0237,"A 4 oz volume of hydrocodone/chlorpheniramine suspension is dispensed to fill a prescription reading, ""Sig: 1 tsp q12h p.r.n. cough."" What is the minimum number of days that this medication should last?",,"4 oz converts to 120 mL. 1 tsp equals 5 mL. Frequency q12h means twice per day, so per day consumption is 10 mL. Days supply equals 120 mL / 10 mL/day equals 12 days.",True
ptcb-org-0238,"The pharmacy receives the following prescription: Verapamil ER 120 mg, Disp: 30 tabs with 11 RF, Sig: 1 tab PO daily. The patient requests a 90 days supply of this medication. What quantity of tablets and refills could be dispensed with prescriber approval?",,,False
ptcb-org-0239,How many 45 g jars of 0.1% triamcinolone cream can be prepared from six 480 g jars?,,Total available mass of stock cream equals 6 * 480 g equals 2880 g. Compute by dividing by single jar capacity: 2880 g / 45 g/jar equals 64 jars.,True
ptcb-org-0240,"Directions for reconstitution of an oral antibiotic suspension read: ""Add 80 mL distilled water; each 5 mL contains 0.25 g."" What is the dose of a prescription for 3/4 tsp?",,3/4 tsp converts to 3.75 mL. The stock solution contains 0.25 g (250 mg) per 5 mL. Set up ratio: (3.75 mL / 5 mL) * 250 mg equals 187.5 mg.,True
ptcb-org-0241,The usual dose of pyrantel pamoate suspension for the treatment of pinworms is 11 mg/kg of body weight. How many mg of pyrantel pamoate should be given to a child weighing 88 lb?,,Weight metric conversion: 88 lb / 2.2 equals 40 kg. Compute by multiplying by weight-based dose factor: 40 kg * 11 mg/kg equals 440 mg.,True
ptcb-org-0242,"If a pharmacy technician has drawn 50 units of U-100 insulin into a syringe, the plunger has been drawn to:",,"U-100 concentration means 100 units per mL. Therefore, drawing 50 units corresponds exactly to half a milliliter: 50 units / 100 units/mL equals 0.5 mL.",True
ptcb-org-0243,"A 5 g suppository contains 5% phenylephrine and 20% zinc oxide as the active ingredients. How much zinc oxide, in g, is in the suppository?",,A 20% zinc oxide concentration represents 20 g per 100 g total compound. For a 5 g suppository: 5 g * 0.20 equals 1 gram.,True
ptcb-org-0244,A prescription is written for a tapering dose of prednisone 10 mg #42: Take 60 mg for 2 days and decrease by 10 mg every other day. What is the estimated days supply for this prescription?,,Regimen breakdown: Days 1-2: 60 mg/day (12 tabs). Days 3-4: 50 mg/day (10 tabs). Days 5-6: 40 mg/day (8 tabs). Days 7-8: 30 mg/day (6 tabs). Days 9-10: 20 mg/day (4 tabs). Days 11-12: 10 mg/day (2 tabs). Sum equals 42 tablets. Duration equals 12 days.,True
ptcb-org-0245,"A prescription reads, ""Fentanyl transdermal patches 50 mcg/hr #10."" The directions are to apply two patches and change them every 72 hours. How many days should be billed to the insurance?",,,False
ptcb-org-0246,"Strong iodine solution containing 2.5 g/50 mL is prescribed at 0.3 mL t.i.d. How much iodine, in mg, should be administered daily?",,Concentration equals 2.5 g / 50 mL equals 50 mg/mL. per day volume consumed equals 0.3 mL * 3 (t.i.d.) equals 0.9 mL. per day dose equals 0.9 mL * 50 mg/mL equals 45 mg.,True
ptcb-org-0247,"How much active ingredient, in mg, is present in 3 mL of a 20% solution?",,"A 20% strength solution represents 20 g per 100 mL, or 200 mg/mL. For 3 mL: 3 mL * 200 mg/mL equals 600 mg.",True
ptcb-org-0248,"The physician gives the following order for a prescription: Cefaclor 250 mg/5mL, 1 tsp PO t.i.d. for 10 days. What is the amount, in mL, needed to fill the order?",,"1 tsp equals 5 mL. Frequency t.i.d. means 3 times per day, so the per day volume is 15 mL. Total volume for 10 days equals 15 mL/ day * 10 days equals 150 mL.",True
ptcb-org-0249,How much of a drug prescribed at 5 mg/kg should be administered to a patient weighing 132 lbs?,,Convert weight to kilograms: 132 lbs / 2.2 equals 60 kg. Compute by multiplying by dose parameter: 60 kg * 5 mg/kg equals 300 mg.,True
ptcb-org-0250,"A patient's prescription calls for cephalexin 125 mg/5 mL 1 tsp t.i.d. What volume, in mL, is the total daily dose?",,1 tsp equals 5 mL. Frequency t.i.d. means 3 times per day. Total per day volume equals 5 mL * 3 equals 15 mL.,True
ptcb-org-0251,A hospice patient requires lorazepam 1 mg PO q8h p.r.n. agitation. How many oral syringes can be prepared from two 30 mL lorazepam 2 mg/mL bottles?,,"Total volume equals 2 * 30 mL equals 60 mL. Total amount equals 60 mL * 2 mg/mL equals 120 mg. Each single oral syringe requires a 1 mg dose, so 120 syringes can be filled.",True
ptcb-org-0252,A patient with epilepsy receives phenobarbital 55 mg PO b.i.d. How many mL should be administered per dose if the elixir provides 20 mg/5 mL?,,"Target dose is 55 mg. Elixir provides 20 mg per 5 mL, which equals 4 mg/mL. Required volume equals 55 mg / 4 mg/mL equals 13.75 mL.",True
ptcb-org-0253,"A prescription is written for ""2 tbsp q.i.d. (a.c. and h.s.)"". What is the daily dose in mL?",,2 tablespoons (tbsp) equals 30 mL per individual dose. Frequency q.i.d. indicates 4 times per day. Total per day volume equals 30 mL * 4 equals 120 mL.,True
ptcb-org-0254,"What volume, in mL, of a medication available as a 75 mg/mL solution is required to deliver a dose of 65 mg?",,"Compute by dividing target dose by solution concentration: 65 mg / 75 mg/mL equals 0.866 mL, rounding up to 0.87 mL.",True
ptcb-org-0255,"A prescriber orders 1000 mg of a certain medication. If the label on the stock bottle indicates that each tablet contains 0.1 g, how many tablets should the patient receive?",,1000 mg converts to 1 g. Each individual stock tablet contains 0.1 g. Total tablets equals 1 g / 0.1 g/tablet equals 10 tablets.,True
ptcb-org-0256,"Indomethacin liquid must be compounded according to the following prescription: Indomethacin 2 mg/mL, Cherry syrup q.s. ad 100 mL, Sig: 5 mL PO b.i.d. Only 50 mg capsules of indomethacin are available. How many capsules should be used to prepare this prescription?",,Total indomethacin mass required equals 100 mL * 2 mg/mL equals 200 mg. Each capsule contains 50 mg. Total caps required equals 200 mg / 50 mg/capsule equals 4 capsules.,True
ptcb-org-0257,"A physician orders a 4.5 mcg/kg PO b.i.d. maintenance dose of digoxin pediatric elixir for an 11 lb baby. Each dose is administered with an oral syringe. What volume, in mL, of 0.05 mg/mL elixir should be drawn up in the syringe to deliver each dose?",,Weight in kg equals 11 lb / 2.2 equals 5 kg. Required dose equals 5 kg * 4.5 mcg/kg equals 22.5 mcg equals 0.0225 mg. Elixir is 0.05 mg/mL. Required volume equals 0.0225 mg / 0.05 mg/mL equals 0.45 mL.,True
ptcb-org-0258,"A patient presents the following prescription: Humulin insulin U-100, Qty 10 mL vial, Inject 20 units subcutaneously in the morning and 30 units subcutaneously in the evening. How many vials should be dispensed for a 30 days supply?",,"per day insulin requirement equals 20 + 30 equals 50 units/day. 30 days requires 1500 units total. A 10 mL vial contains 1000 units. Total vials needed equals 1500 / 1000 equals 1.5 vials, which requires dispensing 2 whole vials.",True
ptcb-org-0259,"A compound requires 200,000 units of nystatin powder. The powder is available at 690 units/mg. How much of the powder, in g, is needed to prepare the compound?",,"Total weight in mg equals 200,000 units / 690 units/mg equals 289.85 mg. Convert to grams: 289.85 mg / 1000 equals 0.289 g, rounding up to 0.29 g.",True
ptcb-org-0260,"A prescription requires amoxicillin 250 mg/5 mL 2 tsp t.i.d. for 10 days. Which of the following is the most appropriate bottle size, in fluid oz, for the entire 10 days supply?",,"2 tsp equals 10 mL per dose. Frequency t.i.d. means 3 times a day, so per day volume is 30 mL. 10 days requires 300 mL equals 10 fl oz. The next standard larger bottle size is 12 fluid oz.",True
ptcb-org-0261,"What volume, in mL, of Humulin R U-100 insulin is necessary to withdraw 28 units?",,U-100 insulin holds 100 units/mL. To withdraw 28 units: 28 units / 100 units/mL equals 0.28 mL.,True
ptcb-org-0262,"How much hydrocortisone powder, in g, is needed to compound 1 lb of 4% ointment?",,1 pound (lb) equals 454 grams. A 4% concentration requires 4 g solute per 100 g compound weight. Total amount needed equals 454 g * 0.04 equals 18.16 g.,True
ptcb-org-0263,"A physician orders amoxicillin 50 mg/mL for a child at 1 mL PO q8h for 10 days. What is the total volume that must be dispensed, in mL, if the amoxicillin stock is 125 mg/5 mL?",,The volume order calls for 1 mL 3 times per day (q8h) for 10 days. Total volume needed equals 1 mL * 3 * 10 equals 30 mL. (Note: Stock strength statements do not alter explicit volume metrics).,True
ptcb-org-0264,"If a prescription for aspirin 325 mg reads, ""Sig: i tab PO q4-6h p.r.n.,"" what is the maximum number of tablets the patient may consume per day?",,,False
ptcb-org-0265,"A cefaclor suspension label states, ""Add 80 mL of water to yield 100 mL of 250 mg/5 mL."" How much total water, in mL, is needed to yield 200 mL of 125 mg/5 mL?",,"Powder volume displacement is computed as 100 mL final - 80 mL water added equals 20 mL. For a 200 mL final volume, required water volume equals 200 mL - 20 mL displacement equals 180 mL.",True
ptcb-org-0266,"A patient presents the following prescription: Norvasc 5 mg, 1 tab daily on even days, 2 tabs daily on odd days. Dispense a 1 month supply. How many tablets are needed to dispense a 30 days supply?",,,False
ptcb-org-0267,On 3/15/2025 a pharmacist asks a pharmacy technician to remove any medications from the pharmacy's shelves that have an expiration date fewer than 90 days from 3/15/2025. Which of the following products should be removed?,,"90 days from March 15, 2025 is June 13, 2025. Digoxin expiring in May 2025 (5/25) is less than 90 days away and must be pulled.",True
ptcb-org-0268,"What volume, in mL, of a liquid suspension should be dispensed to administer a dose of 2 tbsp?",,"1 tablespoon (tbsp) converts exactly to 15 mL. Therefore, a dose of 2 tbsp equals 2 * 15 mL equals 60 mL.",True
ptcb-org-0269,How many 2 tsp doses of cough syrup are contained in a 6 fl oz bottle?,,6 fluid ounces converts to 180 mL. A single dose of 2 tsp equals 10 mL. Total doses contained equals 180 mL / 10 mL equals 18 doses.,True
ptcb-org-0270,"A wholesale company's return policy allows the return of unopened stock containers for full credit as long as their expiration dates are at least 6 months away. If today's date is February 28, 2024, a pharmacy should be eligible to receive full credit for which of the following products?",,,False
ptcb-org-0271,How many 2 fl oz containers may be repackaged from a 3 L container?,,3 Liters equals 3000 mL. One container holds 2 fluid ounces equals 60 mL. Total containers filled equals 3000 mL / 60 mL equals 50 containers.,True
ptcb-org-0272,"A patient who weighs 110 lb requires an infusion of phenytoin at 5 mg/kg/dose t.i.d. How much phenytoin, in mg, should the patient receive daily?",,Weight metric: 110 lb / 2.2 equals 50 kg. Single dose equals 50 kg * 5 mg/kg equals 250 mg. Frequency t.i.d. means 3 times per day. Total per day intake equals 250 mg * 3 equals 750 mg.,True
ptcb-org-0273,How many 8 fl oz bottles can be packaged from a 1 gallon bottle of cough syrup?,,1 US gallon contains exactly 128 fluid ounces. Compute by dividing by container volume: 128 fl oz / 8 fl oz equals 16 bottles.,True
ptcb-org-0274,Vials of 0.25 mg/5 mL Aloxi contain sufficient overfill to prepare 11 pre-filled syringes from 10 vials of drug. The number of pre-filled syringes that can be prepared from 50 vials of drug is:,,,False
ptcb-org-0275,"If one tablespoon is prescribed q.i.d. (p.c. and h.s.) for 30 days, how many fluid oz should be dispensed to the patient?",,"1 tablespoon equals 0.5 fl oz. Frequency q.i.d. means 4 times a day, so per day volume is 2 fluid oz. Total for 30 days equals 2 fl oz * 30 equals 60 fluid ounces.",True
ptcb-org-0276,A patient is to take 1.5 g of amoxicillin prior to a dental appointment. The capsules available in the pharmacy are amoxicillin 500 mg. What is the number of capsules that will be dispensed to the patient?,,Total required dose is 1.5 g equals 1500 mg. Each available capsule contains 500 mg. Total capsules needed equals 1500 mg / 500 mg equals 3 capsules.,True
ptcb-org-0277,"The following order arrives in the pharmacy: Lantus SoloStar #1 box (5 pens each containing 3 mL), Sig: 25 units SQ q.p.m. How long, in days, should this box of prefilled pens last the patient?",,Total volume equals 5 pens * 3 mL equals 15 mL. Total units at U-100 strength equals 15 mL * 100 units/mL equals 1500 units. Days supply equals 1500 units / 25 units/day equals 60 days.,True
ptcb-org-0278,"The stock solution of a medication contains 2 g/5 mL. What volume, in mL, is needed to deliver a dose of 100 mg?",,Concentration equals 2 g per 5 mL equals 2000 mg per 5 mL equals 400 mg/mL. Required volume for a 100 mg dose equals 100 mg / 400 mg/mL equals 0.25 mL.,True
ptcb-org-0279,"If 200 mL of a 30% solution is diluted to a volume of 2 L, what is the resulting concentration?",,Using dilution formula C1V1 equals C2V2: 30% * 200 mL equals C2 * 2000 mL (since 2 L equals 2000 mL). C2 equals 6000 / 2000 equals 3%.,True
ptcb-org-0280,"A prescription reads: Zithromax 200 mg/5 mL q.s. 1.5 tsp on day 1, then 3/4 tsp on days 2-5. What volume, in mL, of Zithromax 200 mg/5 mL is needed for the entire course of therapy?",,Day 1: 1.5 tsp equals 7.5 mL. Days 2-5 (4 days total): 0.75 tsp * 4 equals 3 tsp equals 15 mL. Total course volume equals 7.5 + 15 equals 22.5 mL.,True
ptcb-org-0281,"What volume, in mL, of 125 mg/5 mL amoxicillin suspension should be prepared to deliver a prescribed dose of 375 mg?",,Set up simple target concentration ratio: (375 mg / 125 mg) * 5 mL equals 15 mL.,True
ptcb-org-0282,How many g of a drug are in 250 mL of a 40% solution?,,A 40% concentration represents 40 g solute per 100 mL solution. For 250 mL: 250 mL * (40 g / 100 mL) equals 100 grams.,True
ptcb-org-0283,"A community pharmacy receives the following prescription: Meclizine 25 mg tabs #60, Sig: 1 tab PO q6h p.r.n. for vertigo. If the patient last received a dose of meclizine in an emergency department at 1:00 P.M., when may the next dose be administered if symptoms return?",,,False
ptcb-org-0284,"An ear drop suspension contains 15 drops/mL. If the prescription reads, ""Use 4 gtts AU h.s."", how many days should a 7.5 mL bottle last?",,"Dose: 4 drops in both eyes (AU) equals 8 drops total per day. Bottle contains 7.5 mL * 15 drops/mL equals 112.5 drops. Days supply equals 112.5 / 8 equals 14.06 days, providing 14 full days.",True
ptcb-org-0285,How many 4 mg syringes can be prepared from a 10 mL vial of midazolam 2 mg/2 mL injection?,,"Vial concentration is 2 mg/2 mL equals 1 mg/mL, holding 10 mg total. Each syringe needs 4 mg. Total complete syringes equals 10 mg / 4 mg equals 2 syringes.",True
ptcb-org-0286,A prescription is written for a Flovent HFA inhaler supplying 120 metered doses. The directions are 2 puffs b.i.d. What is the days supply?,,,False
ptcb-org-0287,A prescription is written for an albuterol HFA inhaler 18 g 2 puffs q.i.d. The inhaler supplies 200 metered doses. What is the days supply?,,,False
ptcb-org-0288,"What amount of a drug, in mL, is required to prepare 2 pints of a 1:1300 solution?",,2 pints converts to approximately 946 mL. A 1:1300 ratio means 1 mL active ingredient per 1300 mL solution volume. Active content equals 946 mL / 1300 equals 0.73 mL.,True
ptcb-org-0289,"A prescription order reads: Potassium chloride 10% (40 mEq/30 mL), Dispense: 240 mL, Sig: 1 tsp t.i.d. How many mEq of KCl are to be taken daily?",,"1 tsp equals 5 mL. Frequency t.i.d. means 3 times a day, so per day volume is 15 mL. Concentration is 40 mEq / 30 mL. per day mEq intake equals (15 mL / 30 mL) * 40 mEq equals 20 mEq.",True
ptcb-org-0290,"The following prescription is written for ProAir HFA: Sig: 2 puffs PO q.i.d. Dispense two inhalers of 8.5 g. How long, in days, should the supply last if there are 200 metered doses in each inhaler?",,,False
ptcb-org-0291,"A prescription is written for cefdinir 125 mg/5 mL #60 mL ""Sig: 150 mg PO b.i.d."" How many days should the medication last?",,Target dose equals 150 mg. Stock concentration is 125 mg/5 mL equals 25 mg/mL. Volume per single dose equals 150 mg / 25 mg/mL equals 6 mL. Twice per day (b.i.d.) per day volume equals 12 mL. Days supply equals 60 mL total / 12 mL/day equals 5 days.,True
ptcb-org-0292,A physician prescribes 5 mg of a drug per kg of body weight twice daily for a patient weighing 110 lb. How many 0.5 g tablets of the drug are required for a 10 day duration?,,Weight metric: 110 lb / 2.2 equals 50 kg. Single dose equals 50 kg * 5 mg/kg equals 250 mg. Twice per day equals 500 mg per day. 10 days total equals 5000 mg equals 5 g. Each tablet contains 0.5 g. Total tablets equals 5 g / 0.5 g/tablet equals 10 tablets.,True
ptcb-org-0293,"According to the following prescription order: Keflex 125 mg/5 mL, Sig: 1/2 tsp PO q.i.d. What dose, in mg, of Keflex should be administered daily?",,"1/2 tsp equals 2.5 mL per single dose. Frequency q.i.d. means 4 times per day, so per day volume is 10 mL. Stock strength is 125 mg / 5 mL. per day dose mass equals (10 mL / 5 mL) * 125 mg equals 250 mg.",True
ptcb-org-0294,"The recommended starting dose of a chemotherapy agent is 20 mg/kg, calculated to the nearest whole tablet. It is available in 250 mg tablets. A patient weighing 162 lbs should receive a starting dose of how many tablets?",,"Weight metric: 162 lb / 2.2 equals 73.63 kg. Target mg dose equals 73.63 kg * 20 mg/kg equals 1472.7 mg. Divided by single tablet strength: 1472.7 mg / 250 mg equals 5.89 tablets, which rounds to 6 whole tablets.",True
ptcb-org-0295,"How long, in days, should it take for the patient to finish this medication?",,,False
ptcb-org-0296,How many syringes of enoxaparin 80 mg need to be dispensed for a 14 days supply if a patient weighs 165 lb and the dosage prescribed is 1 mg/kg q12h?,,"Weight metric: 165 lb / 2.2 equals 75 kg. Target dose equals 75 mg. Prefilled syringes are stocked as 80 mg units, requiring 1 syringe per dose. 2 doses per day for 14 days requires exactly 28 syringes.",True
ptcb-org-0297,"A prescription calls for a dose of 24 mg the first day, decreased by 4 mg daily on subsequent days until the dose reaches zero. How many 8 mg tablets are needed to fill the prescription?",,,False
ptcb-org-0298,What is the final concentration of a solution made by diluting a 4 oz bottle of a 15% solution to a final volume of 1 L?,,4 oz converts to 120 mL. Mass of drug equals 120 mL * 15% equals 18 g. Final volume equals 1 L equals 1000 mL. Percentage concentration equals (18 g / 1000 mL) * 100 equals 1.8%.,True
ptcb-org-0299,"What size bottle, in oz, is most appropriate to dispense 140 mL of ibuprofen suspension?",,Volume to dispense is 140 mL. Convert to fluid ounces: 140 mL / 30 mL/oz equals 4.66 oz. The smallest standard bottle capacity that can hold this volume is 6 oz.,True
ptcb-org-0300,"A pharmacy receives a prescription that reads: Prednisone 10 mg, Quantity: q.s. Take 3 tabs q.i.d. for 4 days, then 2 tabs t.i.d. for 3 days, then 1 tab t.i.d. for 2 days, then 1 tab b.i.d. for 2 days, then 1 tab q.d. for 2 days, then 1/2 tab q.d. for 2 days. How many 10 mg tablets must be dispensed to fill the prescription?",,,False
ptcb-org-0301,How many 1 oz bottles can be filled if 100 mL of a 30% acetic acid solution is diluted to 4%?,,"Using C1V1 equals C2V2: 30% * 100 mL equals 4% * V2. V2 equals 3000 / 4 equals 750 mL final volume. Convert to ounces: 750 mL / 30 mL/oz equals 25 ounces, filling exactly 25 one-ounce bottles.",True
ptcb-org-0302,"A pharmacy receives a new prescription that reads: Prednisone 5 mg, Sig: 30 mg PO day 1, 25 mg PO day 2, 20 mg PO day 3, 10 mg PO day 4, 5 mg PO day 5, 2.5 mg PO day 6. What is the correct number of tablets to be dispensed?",,"Convert mg requirements to 5 mg tablets: Day 1 (6), Day 2 (5), Day 3 (4), Day 4 (2), Day 5 (1), Day 6 (0.5). Sum equals 18.5 tablets, meaning 19 whole tablets must be dispensed.",True
ptcb-org-0303,"What volume, in mL, of 50% stock solution should be administered to a patient who is prescribed magnesium sulfate 2 g IV?",,"A 50% solution contains 50 g solute per 100 mL, or 0.5 g/mL. To deliver 2 g: 2 g / 0.5 g/mL equals 4 mL.",True
ptcb-org-0304,"Amoxicillin is ordered at 40 mg/kg/day in 3 divided doses for a 15 lb infant. If the stock solution is amoxicillin 125 mg/5 mL, what volume, in mL, should be administered per dose?",,"Weight metric: 15 lb / 2.2 equals 6.818 kg. per day dose equals 6.818 kg * 40 mg/kg equals 272.7 mg. Single dose equals 272.7 / 3 equals 90.9 mg. Stock strength is 25 mg/mL. Volume per dose equals 90.9 mg / 25 mg/mL equals 3.63 mL, matching choice 3.6 mL.",True
ptcb-org-0305,How many fentanyl transdermal patches should be dispensed to a patient who is applying one patch every 72 hours for 2 weeks?,,,False
ptcb-org-0306,"A patient whose body surface area is 1.78 m2 is to receive 5-fluorouracil 650 mg/m2/ day for 5 days. What is the total amount of medication, in g, this patient should receive during this course of therapy?",,per day required mass equals 1.78 m^2 * 650 mg/m^2 equals 1157 mg/day. 5 days total equals 5785 mg. Convert to grams: 5785 / 1000 equals 5.785 g.,True
ptcb-org-0307,"A patient is taking a medication prescribed by a physician at a dosing schedule of 2 tablets every 4 hours. If the patient is receiving 240 tablets at each fill, for how many days will the prescription supply last?",,Dosing schedule: 2 tablets every 4 hours equals 12 tablets per day (24 / 4 equals 6 doses/day; 6 * 2 tabs equals 12 tabs). Days supply equals 240 tablets total / 12 tablets/day equals 20 days.,True
ptcb-org-0308,How many 1 oz jars can be filled with 500 g of a triple antibiotic ointment?,,"1 ounce equals 30 grams. Total full one-ounce jars filled from 500 grams of compound ointment equals 500 g / 30 g equals 16.67, yielding 16 full jars.",True
ptcb-org-0309,"What volume, in mL, of a co-trimoxazole oral suspension containing trimethoprim 40 mg per teaspoon and sulfamethoxazole 200 mg per teaspoon should be repackaged in an oral syringe to equal co-trimoxazole double strength, containing trimethoprim 160 mg and sulfamethoxazole 800 mg?",,Target requires 160 mg trimethoprim. Stock suspension contains 40 mg trimethoprim per teaspoon (5 mL). Required volume equals (160 mg / 40 mg) * 5 mL equals 20 mL.,True
ptcb-org-0310,"The recommended dosage of a medication is 30 mg/kg b.i.d. The daily dose, in mg, for a 126 lb patient would be:",,Weight metric: 126 lb / 2.2 equals 57.27 kg. Single dose requirement equals 57.27 kg * 30 mg/kg equals 1718 mg. Twice per day (b.i.d.) total per day dose equals 1718 * 2 equals 3436 mg.,True
ptcb-org-0311,"The directions for diluting a 0.25 g vial of a drug read, ""Add 0.8 mL sterile water; each mL will contain 0.25 g."" What volume, in mL, of the final solution will deliver a 500 mg dose?",,Reconstitution instructions state each mL will contain 0.25 g (250 mg). To deliver a 500 mg dose: 500 mg / 250 mg/mL equals 2 mL.,True
ptcb-org-0312,A patient is to receive 30 mcg of a drug every day until a total cumulative dose of 1.5 mg is achieved. How many days will this therapy last?,,Convert cumulative mass to micrograms: 1.5 mg * 1000 mcg/mg equals 1500 mcg. Duration equals 1500 mcg / 30 mcg/day equals 50 days.,True
ptcb-org-0313,The prescribed dose of Humulin R U-100 insulin is 10 units q.a.m. and 30 units q.p.m. a.c. How many 10 mL vials will be needed for a minimum of 30 days supply?,,"per day insulin requirement equals 10 + 30 equals 40 units. 30 days total equals 1200 units. A single 10 mL U-100 vial holds 1000 units. Total vials required equals 1200 / 1000 equals 1.2, requiring 2 whole vials.",True
ptcb-org-0314,"A physician writes a prescription for ""lactulose syrup 1 tbsp PO b.i.d."" What volume, in mL, should the patient take per day?",,1 tablespoon (tbsp) converts to 15 mL. Twice per day (b.i.d.) dosing results in a per day volume of 15 * 2 equals 30 mL.,True
ptcb-org-0315,"What volume, in mL, of digitoxin 0.2 mg/mL solution is required to deliver 0.03 mg of digitoxin?",,Compute by dividing the required target dose by concentration strength: 0.03 mg / 0.2 mg/mL equals 0.15 mL.,True
ptcb-org-0316,A physician prescribes 210 mL of amoxicillin 250 mg/5 mL with the directions 2 tsp PO three times daily. What is the days supply of this prescription?,,2 tsp equals 10 mL per dose. Three times per day volume equals 30 mL. Days supply equals 210 mL total / 30 mL/day equals 7 days.,True
ptcb-org-0317,"How much Mylanta, in mL, should be dispensed for the following prescription? Mylanta 1 oz q.i.d. (a.c. and h.s.) x 7 days.",,1 ounce equals 30 mL. Dosed q.i.d. (4 times per day) equals 120 mL per day. Total volume for 7 days equals 120 mL/day * 7 days equals 840 mL.,True
ptcb-org-0318,"A prescription for a child calls for amoxicillin suspension 150 mg q8h. The available amoxicillin suspension is 250 mg/5 mL. What volume, in mL, should the child receive daily?",,"Single dose equals 150 mg. Frequency q8h equals 3 times per day, so per day mass needed is 450 mg. Stock strength is 50 mg/ mL. per day volume equals 450 mg / 50 mg/mL equals 9 mL.",True
ptcb-org-0319,"What volume, in mL, of morphine sulfate that comes in 10 mL vials at a concentration of 5 mg/ mL will be needed to fill an order for 25 mg?",,Compute by dividing target mass by the stock concentration factor: 25 mg / 5 mg/mL equals 5 mL.,True
ptcb-org-0320,"A chemotherapy regimen calls for cisplatin 75 mg/m2. The patient's weight is listed at 80 kg, and his body surface area (BSA) is 1.8 square meters. What is the proper dosage of cisplatin, in mg?",,Compute by multiplying ordered body surface area factor by patient dimensions: 75 mg/m^2 * 1.8 m^2 equals 135 mg.,True
ptcb-org-0321,"A prescription reads: Famotidine 40 mg/5 mL, 50 mL, Sig: 0.4 mL PO t.i.d. What amount of medication, in mg, is given each day?",,per day volume consumed equals 0.4 mL * 3 equals 1.2 mL. Stock strength is 40 mg / 5 mL equals 8 mg/mL. per day mass delivered equals 1.2 mL * 8 mg/mL equals 9.6 mg.,True
ptcb-org-0322,"The recommended child dose of cephalexin is 25 mg/kg/day in two divided doses. If the child weighs 44 lb, what is the correct individual dose?",,Weight metric: 44 lb / 2.2 equals 20 kg. Total per day requirement equals 20 kg * 25 mg/kg equals 500 mg. Divided into two equal doses yields 250 mg b.i.d.,True
ptcb-org-0323,A physician prescribes 5 mg of a drug per kg of body weight b.i.d. for a patient weighing 110 lb. How many 0.5 g tablets of the drug are required for a 10 day duration?,,"Weight metric: 110 lb / 2.2 equals 50 kg. Single dose mass equals 50 kg * 5 mg/kg equals 250 mg, which is exactly half of a 0.5 g (500 mg) tablet. 20 doses * 0.5 tablet/dose equals 10 tablets total.",True
ptcb-org-0324,How many grams of dextrose are contained in 400 mL of 70% dextrose solution?,,A 70% concentration represents 70 g dextrose solute per 100 mL solution volume. For 400 mL: 400 mL * (70 g / 100 mL) equals 280 grams.,True
ptcb-org-0325,"How much diphenhydramine elixir 12.5 mg/tsp is required, in mL, to fill the prescription, ""Diphenhydramine 50 mg t.i.d. for 7 days""?",,"Single dose equals 50 mg. Stock concentration is 12.5 mg per tsp (5 mL), meaning volume per single dose is 20 mL. Dosed 3 times per day equals 60 mL per day. 7 days total equals 60 * 7 equals 420 mL.",True
ptcb-org-0326,A patient's prescribed dose is 500 mg PO q.i.d. How many tablets are required to provide a 24 hour supply if the pharmacy stocks only 250 mg tablets?,,"Required single dose equals 500 mg. Available tablets are 250 mg, requiring 2 tabs per dose. Frequency q.i.d. means 4 times per day. Total tablets equals 2 tabs * 4 equals 8 tablets.",True
ptcb-org-0327,"How many total drops should be given in a day with the instructions, ""ii gtt OU q.i.d.""?",,Direction ii gtt OU means 2 drops in both eyes equals 4 drops per administration. Frequency q.i.d. means 4 times per day. Total per day drops equals 4 * 4 equals 16 drops.,True
ptcb-org-0328,How many 0.75 mg tablets are needed to administer a 6 mg dose daily for 4 days?,,per day tablet count equals 6 mg / 0.75 mg/tablet equals 8 tablets per day. Total tablets for 4 days equals 8 * 4 equals 32 tablets.,True
ptcb-org-0329,"How much magnesium sulfate 50%, in mL, is needed for a dose of 42 g?",,"A 50% solution contains 50 g solute per 100 mL, or 0.5 g/mL. Volume for a 42 g dose equals 42 g / 0.5 g/mL equals 84 mL.",True
ptcb-org-0330,A physician orders phenobarbital elixir 60 mg for a patient. The drug is available in a 20 mg/5 mL concentration. How many tsp should be given for each dose?,,Target dose is 60 mg. Concentration is 20 mg per 5 mL (1 tsp). Volume needed equals (60 mg / 20 mg) * 5 mL equals 15 mL equals 3 teaspoons.,True
ptcb-org-0331,"The pharmacy needs 300 mL of 25% dextrose. The pharmacy has 75% dextrose on hand. What volume of sterile water, in mL, will be needed to achieve the desired strength of 25%?",,Using C1V1 equals C2V2: 75% * V1 equals 25% * 300 mL. V1 equals 7500 / 75 equals 100 mL of 75% dextrose stock. Diluent volume (sterile water) equals 300 mL total - 100 mL stock equals 200 mL.,True
ptcb-org-0332,"A pharmacy receives the following prescription: Warfarin 2.5 mg tablets, Disp: 4 weeks supply, Sig: 1 tab PO on Monday, Wednesday, and Friday, and 0.5 tab on Sunday, Tuesday, Thursday, and Saturday. What quantity of tablets will be needed to fill this prescription if the first dose is taken on a Sunday?",,,False
ptcb-org-0333,"A medication is ordered in a dose of 0.5 mg/kg/day. If the patient weighs 260 lb, what should the daily dose be, in mg?",,"Weight metric: 260 lb / 2.2 equals 118.18 kg. Compute by multiplying by weight-based per day factor: 118.18 kg * 0.5 mg/kg equals 59.09 mg, matching choice 59 mg.",True
ptcb-org-0334,"How much neomycin, in g, is needed to make 1500 mL of a 0.25% solution for irrigation?",,A 0.25% solution contains 0.25 g solute per 100 mL solution. For 1500 mL: 1500 mL * (0.25 g / 100 mL) equals 3.75 grams.,True
ptcb-org-0335,"If 250 mL of 10% methyl salicylate in alcohol is diluted to 1000 mL, what will be the percentage strength of the final volume?",,Using dilution formula C1V1 equals C2V2: 10% * 250 mL equals C2 * 1000 mL. C2 equals 2500 / 1000 equals 2.5%.,True
ptcb-org-0336,"An order for a 1 mg atropine injection is filled using a vial labeled 0.4 mg/mL. What volume of the solution, in mL, should be administered?",,Compute by dividing required target mass by solution concentration: 1 mg / 0.4 mg/mL equals 2.5 mL.,True
